rainfall_mm,river_level_m,elevation_m,soil_moisture_percent,temperature_c,humidity_percent,drainage_capacity_percent,flood_risk
138.88,3.16,218.58,70.02,34.34,61.1,79.35,0
185.47,5.76,143.58,61.02,30.27,64.45,53.58,1
122.81,5.07,125.08,24.81,15.73,70.34,60.1,0
110.63,4.29,94.9,44.89,20.65,50.35,63.91,0
200.66,3.73,130.95,79.29,37.01,65.6,67.24,1
117.5,4.26,205.8,45.4,30.41,56.5,32.87,0
154.86,4.25,217.16,25.85,23.43,40.54,29.15,0
145.03,2.57,44.58,76.86,26.98,49.37,42.25,1
200.55,2.75,88.39,63.88,28.08,86.98,40.71,1
97.52,5.16,54.04,45.99,32.41,65.26,47.12,1
245.08,1.23,135.72,52.31,19.85,48.72,72.69,0
80.43,4.31,101.03,60.9,22.95,37.46,56.62,0
161.55,3.79,165.94,43.95,29.64,61.51,63.93,1
149.36,6.52,173.91,66.74,27.4,84.32,35.51,1
75.04,3.36,13.4,52.95,31.43,56.14,50.77,0
170.46,5.78,130.22,55.6,20.62,81.82,71.75,1
102.92,3.1,280.34,49.39,30.14,65.07,71.9,0
57.1,3.98,88.42,41.63,34.55,64.45,45.51,0
184.65,6.14,86.4,67.83,30.92,45.53,63.23,1
40.81,2.51,249.49,30.8,28.83,70.17,100.0,0
65.82,5.13,223.86,21.99,27.42,53.6,59.65,0
121.84,2.87,58.97,57.31,22.99,73.18,46.14,0
199.7,5.26,209.51,63.1,27.57,53.59,56.52,1
177.38,6.41,70.48,59.39,35.56,66.35,61.84,1
137.41,5.59,85.7,55.52,27.29,66.8,56.98,1
29.98,6.69,58.92,37.65,22.66,54.34,59.37,0
77.7,2.87,44.25,56.57,25.05,64.55,31.13,0
90.93,1.77,141.44,45.86,29.21,55.82,40.75,0
54.96,2.31,38.25,37.11,25.76,48.66,57.01,0
22.93,4.4,145.53,37.27,30.91,78.62,56.69,0
125.88,5.09,142.32,77.28,31.14,75.98,48.68,1
181.01,5.02,116.51,28.64,33.33,53.4,56.46,0
85.78,2.25,91.69,53.12,36.54,67.25,61.22,0
198.08,6.33,78.22,30.64,33.98,54.51,77.79,1
36.6,1.74,52.62,41.1,22.39,40.24,58.02,0
52.27,5.02,323.33,37.66,22.58,72.09,67.98,0
124.09,8.92,112.73,19.67,27.55,37.35,49.17,1
80.5,4.54,109.94,51.2,25.29,72.0,71.44,1
171.51,5.84,61.36,46.93,21.17,60.04,67.51,1
153.77,3.35,301.76,21.59,25.35,59.73,77.32,0
84.8,1.17,82.21,57.81,25.15,64.98,74.27,0
39.79,2.51,155.39,62.93,23.97,65.13,71.77,0
77.76,2.02,176.56,66.42,26.11,47.32,58.03,0
156.21,2.25,141.51,56.18,35.07,72.86,64.9,0
175.88,7.76,37.38,53.21,29.2,65.38,81.27,1
80.76,4.16,203.63,64.36,42.83,41.45,46.96,0
22.81,4.11,81.55,65.18,29.02,53.76,47.43,0
34.8,2.77,222.39,58.36,26.26,76.08,63.63,0
148.07,4.26,124.36,37.4,28.02,85.88,68.31,0
83.77,5.35,183.9,48.8,29.54,69.23,43.52,0
85.26,3.5,289.07,52.24,30.61,42.6,58.5,0
51.58,4.32,198.64,18.35,40.46,64.45,58.12,0
50.78,3.18,186.93,50.2,22.93,69.45,15.69,0
195.97,4.21,209.79,85.82,33.15,74.96,55.61,1
151.52,2.46,68.45,59.78,29.25,73.57,56.85,1
70.01,0.4,228.62,65.63,18.57,63.59,56.79,0
118.02,3.89,106.37,50.99,32.62,59.89,88.32,0
132.18,4.52,108.99,48.42,35.61,53.09,35.68,1
301.31,3.84,138.37,66.86,22.86,43.49,43.51,1
47.31,3.63,99.07,31.96,27.95,62.12,7.76,0
131.02,4.63,57.09,35.87,17.65,64.16,50.38,0
195.35,1.5,130.96,71.68,20.45,72.57,52.09,0
279.88,4.31,109.39,79.2,34.29,50.27,49.8,1
67.32,4.5,106.5,30.93,25.2,67.4,82.15,0
82.99,4.57,121.48,59.48,21.35,87.91,77.21,0
172.55,3.18,15.21,51.11,29.38,64.73,61.56,1
29.52,3.75,107.09,46.87,24.87,55.61,52.59,0
139.72,5.63,312.36,56.42,25.18,66.31,80.52,0
368.37,7.35,296.69,80.23,32.44,100.0,59.6,1
149.52,4.37,134.26,51.84,21.03,48.15,43.63,1
12.37,2.54,131.03,60.63,22.57,58.46,25.68,0
57.7,2.99,10.69,48.45,28.92,46.69,51.17,0
68.94,4.66,85.3,53.66,33.82,50.79,75.09,0
224.08,5.33,208.4,44.34,35.43,65.51,100.0,0
99.49,5.17,97.26,77.33,24.01,78.84,61.23,1
23.17,3.28,256.03,48.23,33.62,81.37,44.69,0
107.65,5.17,246.05,57.67,23.3,66.66,36.3,0
123.02,4.56,83.99,26.27,38.96,55.88,71.04,0
75.85,5.09,141.53,33.9,21.2,93.69,24.71,1
50.05,4.53,328.23,60.91,35.97,51.52,71.01,0
392.77,5.69,36.57,72.07,24.06,66.64,76.35,1
195.76,2.14,98.91,27.19,40.08,39.94,68.73,0
207.04,7.77,33.02,69.32,31.55,84.9,55.61,1
99.64,4.66,64.42,39.5,21.9,73.54,71.3,0
66.44,0.39,389.83,64.5,24.87,92.17,63.42,0
78.69,2.83,98.89,44.39,32.69,39.48,44.44,0
36.51,5.02,19.95,45.47,34.32,77.24,97.01,0
297.72,5.62,56.58,77.77,27.58,70.87,52.97,1
102.55,3.54,29.6,34.76,28.27,71.41,75.52,0
256.8,7.71,145.4,44.44,32.55,44.77,11.63,1
81.58,2.13,174.8,43.08,28.79,79.63,85.53,0
150.95,3.02,230.64,62.36,20.24,73.56,89.38,0
127.7,4.5,201.02,30.49,23.12,60.84,60.6,0
33.12,4.33,38.29,19.01,29.41,65.69,71.18,0
321.05,6.79,168.82,74.46,35.29,60.34,71.17,1
83.43,5.42,117.64,37.52,37.7,51.06,47.14,0
43.55,3.58,252.65,37.62,32.68,50.69,70.94,0
173.45,5.32,216.34,26.39,29.72,37.73,43.83,0
111.58,3.04,422.14,38.46,32.49,72.64,47.82,0
142.01,4.74,60.58,50.04,24.0,78.78,82.54,0
119.59,4.63,53.34,61.57,27.08,51.16,79.49,0
13.98,3.75,89.47,30.2,23.06,60.57,45.87,0
56.12,4.94,121.12,67.21,20.51,54.09,45.33,0
54.33,4.69,76.21,34.3,30.0,62.31,47.09,0
205.11,5.28,63.31,45.09,29.11,56.47,74.65,1
114.53,2.84,161.24,69.7,32.13,48.36,40.0,0
157.01,4.81,89.25,54.18,31.28,77.58,67.13,1
87.23,4.06,73.61,38.5,29.46,58.47,74.94,0
162.16,5.19,38.22,49.41,31.34,91.42,58.24,1
99.81,7.91,12.0,66.07,27.74,60.64,80.2,1
94.63,2.77,302.76,67.29,30.48,46.77,53.91,0
127.11,4.59,297.04,37.64,23.64,78.53,55.72,0
119.58,5.74,220.71,47.95,30.22,69.81,40.46,0
471.08,7.47,187.45,74.91,32.01,88.73,80.34,1
55.6,7.54,82.91,30.16,23.98,74.45,44.67,0
29.77,2.68,192.64,41.35,28.31,47.35,67.0,0
139.92,5.17,50.02,50.07,24.26,60.21,58.57,0
62.23,2.44,139.12,60.41,24.84,55.71,38.94,0
12.09,2.88,68.58,57.77,21.25,37.53,47.82,0
45.53,3.83,193.18,38.64,35.59,53.59,87.66,0
408.61,7.71,342.37,66.19,34.39,94.14,64.03,1
54.4,4.36,56.39,53.19,31.22,61.04,39.82,0
20.87,5.49,86.18,33.3,39.83,37.2,66.11,0
392.92,6.58,137.28,76.31,26.86,52.86,57.08,1
44.0,3.31,22.82,41.91,45.0,80.51,100.0,0
500.0,12.29,31.07,62.14,26.63,78.74,65.7,1
84.44,4.06,336.03,32.64,29.53,50.16,52.39,0
321.88,4.87,161.73,83.25,25.61,67.26,88.4,1
93.07,3.04,79.3,44.46,30.23,38.97,23.18,0
151.55,3.05,127.02,73.79,33.01,82.5,61.89,1
101.38,5.7,89.76,40.05,27.32,54.57,99.89,0
93.59,3.42,140.21,50.76,38.66,78.82,57.68,0
132.13,4.67,92.4,82.94,29.43,62.33,25.33,1
155.27,4.51,119.93,36.29,29.62,82.78,52.08,0
125.23,5.3,204.77,22.38,22.55,64.86,89.09,0
116.41,2.71,196.05,66.33,30.51,72.77,67.52,0
62.65,1.54,324.07,32.9,27.2,68.2,43.22,0
104.21,4.38,169.69,47.15,24.35,68.94,46.3,0
296.82,6.83,132.91,53.0,23.34,74.71,48.81,1
60.37,3.69,354.92,48.07,44.03,54.76,67.22,0
134.8,3.15,110.9,36.32,26.42,88.56,86.76,0
240.77,6.74,13.6,54.68,19.26,54.34,81.05,1
156.15,3.17,222.51,57.45,23.81,62.87,69.12,0
206.53,4.15,156.11,40.64,27.69,65.53,33.37,0
43.41,2.06,128.46,33.3,31.28,62.8,33.44,0
135.04,6.24,226.4,44.78,31.33,55.74,70.67,0
89.72,5.1,93.01,26.4,32.06,63.89,33.09,0
92.59,5.27,14.5,40.7,24.13,57.27,55.49,1
281.11,7.48,229.35,61.74,30.04,46.91,66.08,1
93.68,8.66,77.07,41.1,22.74,59.82,37.25,1
138.06,1.87,58.38,46.06,24.28,46.5,39.51,0
20.9,2.47,15.51,41.21,22.49,31.76,58.12,0
321.66,4.9,216.84,53.8,20.87,73.0,70.07,1
198.79,3.93,8.04,63.87,34.39,71.77,81.23,0
107.05,2.03,287.6,67.75,32.13,67.73,72.14,0
86.76,3.56,100.17,39.7,33.86,67.28,61.47,0
166.87,2.51,223.71,58.71,28.24,36.29,45.08,0
238.9,5.77,173.23,53.71,32.66,47.89,38.58,1
324.41,5.54,396.7,68.29,17.43,98.85,49.78,1
194.51,5.61,170.03,75.81,33.18,50.06,68.2,1
117.54,4.68,280.78,55.52,29.06,69.43,66.73,0
214.28,6.2,84.04,30.48,31.76,56.1,18.0,1
189.15,4.54,30.95,59.87,30.28,65.57,44.29,1
117.87,7.35,246.75,65.68,22.08,52.03,84.09,1
185.52,5.49,30.0,50.15,19.01,72.14,61.58,1
183.22,1.65,215.26,67.03,23.73,66.08,31.66,0
106.6,2.73,52.47,37.95,31.39,54.05,100.0,0
74.66,1.0,158.24,24.54,32.14,44.03,59.42,0
172.81,4.1,401.39,54.32,19.79,67.39,67.69,0
47.76,3.23,204.23,18.82,22.11,40.41,67.99,0
38.94,2.83,111.27,39.42,23.66,62.93,52.65,0
139.57,7.55,176.0,67.99,25.86,98.75,45.45,1
169.68,5.7,86.49,25.38,19.83,82.39,100.0,0
138.85,4.68,499.45,32.0,19.47,72.0,80.06,0
149.47,3.19,72.4,36.23,23.07,61.28,76.44,0
167.76,3.13,120.5,51.1,28.52,36.25,71.53,0
281.79,5.64,192.16,55.01,20.92,50.58,39.93,1
196.72,5.15,167.38,73.64,27.31,82.8,85.55,1
192.83,1.83,180.51,67.13,34.35,53.58,43.14,0
132.2,4.19,87.92,56.38,20.19,51.82,65.67,1
135.66,4.49,107.85,51.73,26.76,59.46,27.21,1
100.34,3.47,239.35,52.67,34.15,45.15,19.18,0
146.46,2.95,231.66,38.39,25.49,45.15,66.37,0
45.71,2.63,170.13,55.27,24.56,56.58,43.82,0
282.63,5.03,303.37,44.62,34.98,56.65,20.22,1
57.21,3.55,245.6,55.78,26.16,47.49,70.81,0
196.46,5.69,227.08,70.64,34.63,53.89,100.0,0
260.08,7.52,29.42,61.53,30.57,75.32,87.79,1
196.15,4.39,168.72,51.54,25.94,61.56,54.85,1
431.68,6.32,148.36,76.44,30.88,74.08,60.18,1
14.96,3.52,328.34,1.01,29.92,64.11,77.75,0
78.51,4.9,115.54,49.84,34.13,56.94,82.44,0
257.3,4.79,139.88,56.79,24.71,63.97,53.13,1
37.54,4.98,51.86,41.97,28.25,63.46,60.68,0
58.7,5.45,61.19,54.08,27.63,67.29,66.01,0
160.7,6.21,329.01,50.43,32.22,60.98,71.08,0
116.52,6.95,180.04,32.36,21.85,61.95,57.34,0
154.04,2.51,401.96,49.02,34.1,51.76,57.6,0
123.72,4.36,113.98,49.78,30.8,49.14,87.6,0
131.86,4.62,36.89,51.03,20.1,72.36,84.19,1
63.6,3.67,102.07,46.81,35.25,64.41,69.55,0
128.92,3.41,89.06,63.76,41.4,67.82,94.38,0
82.72,1.35,209.0,30.7,34.01,63.07,52.27,0
91.59,3.97,203.44,49.0,36.56,60.23,92.46,0
194.69,3.58,186.15,71.97,28.51,74.48,70.85,0
35.79,2.76,480.96,18.27,18.03,69.88,100.0,0
8.95,1.58,292.16,43.15,16.94,68.2,36.15,0
185.35,3.26,64.94,45.04,29.53,62.86,46.21,1
129.01,4.42,250.87,44.02,24.45,80.87,68.38,0
259.9,5.77,133.37,45.9,22.51,71.19,67.94,1
60.02,4.69,111.64,41.91,27.62,66.85,99.0,0
104.15,7.15,315.7,73.22,31.69,64.16,46.63,0
119.72,4.88,61.44,30.85,19.28,64.44,78.1,0
70.0,4.31,240.05,28.63,25.31,48.2,83.25,0
53.83,1.73,215.72,25.62,37.06,67.51,74.09,0
191.63,3.03,60.44,77.87,21.55,100.0,40.78,1
32.61,6.26,28.36,35.86,33.22,51.38,88.16,0
46.52,2.14,122.85,42.96,25.09,58.32,84.59,0
101.59,2.08,269.85,41.62,31.27,53.83,71.99,0
206.63,4.9,168.28,41.54,34.58,58.5,64.09,0
73.69,3.22,322.21,41.97,32.45,80.31,64.52,0
66.47,2.26,160.41,79.16,33.45,48.9,58.43,0
97.19,3.06,335.97,66.43,21.09,53.22,72.82,0
144.37,6.58,81.75,38.37,34.68,39.99,60.62,1
86.18,2.53,185.75,55.22,22.88,48.7,43.03,0
224.24,3.07,96.39,44.38,29.56,42.29,39.03,1
230.47,6.8,120.05,31.59,29.55,75.37,44.96,1
101.59,4.86,139.54,61.53,30.91,99.28,64.44,0
360.14,5.36,167.91,81.97,30.02,67.87,59.46,1
117.78,1.86,72.9,63.06,22.94,37.55,64.31,0
225.42,3.91,179.75,49.52,19.9,78.87,70.02,0
141.58,4.36,134.55,47.78,33.23,51.9,47.45,0
139.75,6.54,38.97,60.48,29.12,80.18,89.31,0
25.7,2.01,24.04,47.32,34.9,52.34,54.65,0
43.1,3.08,270.5,37.57,27.73,48.31,51.33,0
89.64,5.11,115.71,23.74,19.57,56.99,69.65,0
229.33,1.69,34.98,57.97,33.8,77.08,23.27,1
142.99,5.53,371.13,65.32,25.78,58.97,44.19,1
90.27,1.95,192.28,29.68,30.05,52.56,79.62,0
170.81,5.17,164.83,61.14,24.12,60.76,25.25,1
223.8,5.76,67.53,60.63,37.87,48.38,82.35,1
112.52,6.16,38.43,58.54,22.74,66.18,90.22,0
131.3,5.2,148.52,61.59,25.98,36.55,52.61,0
119.67,0.46,128.51,38.83,28.64,54.77,65.84,0
107.41,3.09,52.63,25.03,21.45,71.0,82.38,1
59.48,4.13,50.97,36.78,29.98,62.22,50.66,0
55.69,3.57,48.65,56.43,37.67,66.05,77.36,0
170.09,5.69,47.11,44.56,25.06,62.59,46.58,1
226.6,6.62,79.57,46.47,30.37,82.71,50.45,1
90.14,4.88,164.87,20.94,11.5,72.45,44.01,0
88.55,3.5,184.4,70.86,27.77,65.67,66.85,0
18.96,0.4,126.58,52.91,26.12,68.93,83.16,0
15.24,2.55,143.74,51.87,23.09,66.27,56.32,0
265.13,6.1,190.41,72.49,34.49,62.1,34.58,1
62.77,2.28,17.61,52.56,26.04,39.32,38.35,0
450.65,8.23,151.83,68.77,26.94,83.42,67.89,1
72.11,4.86,300.6,42.86,25.74,66.25,96.88,0
26.59,3.66,113.47,35.91,16.5,71.6,67.87,0
120.35,0.0,263.39,85.48,21.21,47.91,52.26,0
190.14,2.9,115.04,61.36,33.77,51.82,75.32,0
176.21,7.62,199.04,46.09,15.34,70.25,55.21,1
202.9,4.06,162.55,61.01,23.4,64.15,52.43,1
49.81,0.66,47.92,29.41,25.6,31.09,40.83,0
261.06,7.7,58.71,79.71,38.46,73.3,88.17,1
270.99,5.15,335.96,50.1,32.61,42.62,9.22,1
278.63,7.23,228.58,66.92,24.66,55.7,75.96,1
134.53,4.86,120.88,64.53,35.83,80.65,50.73,1
84.88,4.73,109.31,51.45,23.56,84.79,51.79,0
79.11,4.63,67.92,46.97,34.05,41.94,93.85,0
26.43,4.43,172.26,42.04,19.85,51.71,45.72,0
73.39,7.63,72.91,44.45,34.44,59.27,46.4,1
8.05,4.88,98.74,32.5,25.56,80.34,57.39,0
22.83,0.98,79.31,35.34,21.83,49.24,68.28,0
133.55,4.88,219.22,70.25,26.7,55.0,51.16,0
92.49,5.87,117.21,45.09,29.66,81.31,28.52,0
129.51,6.24,144.51,38.25,25.03,56.23,42.69,1
180.51,4.34,48.81,45.67,31.32,74.14,85.63,1
146.62,6.5,78.87,65.88,24.5,41.65,61.5,1
138.1,5.87,146.79,59.32,31.72,59.51,69.02,0
105.01,8.5,30.07,55.35,30.65,37.02,54.77,1
60.89,2.58,110.74,40.74,27.63,43.27,46.81,0
37.82,2.71,129.43,50.73,25.35,68.64,93.55,0
74.94,3.58,43.3,36.34,28.91,58.05,56.24,0
106.31,3.04,255.82,43.96,31.3,55.85,51.13,0
116.24,2.72,166.6,61.88,40.37,50.33,81.92,0
203.19,0.64,116.57,66.75,33.64,62.07,45.55,0
99.42,3.52,74.3,33.35,33.86,64.19,48.11,0
163.24,5.5,28.87,39.68,45.0,76.92,60.2,1
30.29,2.38,243.16,43.69,31.1,19.76,60.01,0
134.88,7.59,91.76,73.8,30.91,50.1,65.19,1
128.29,4.6,36.89,22.35,32.22,63.64,100.0,0
261.12,7.76,72.57,62.55,21.95,66.67,66.72,1
92.55,4.31,178.9,27.35,25.34,65.27,12.44,0
89.6,5.25,154.84,37.52,24.96,63.23,66.53,0
181.36,5.46,52.85,47.85,31.89,59.8,60.76,1
40.59,5.38,271.69,37.01,26.95,49.65,60.87,0
132.43,4.7,36.4,41.99,28.83,58.18,64.92,0
38.71,3.87,308.35,42.87,34.52,73.02,59.43,0
337.47,6.78,150.25,56.61,33.18,61.63,58.95,1
80.72,3.53,97.29,25.29,27.03,58.16,72.26,0
36.39,4.21,107.99,53.52,23.98,59.39,49.16,0
74.52,7.41,138.33,55.86,34.81,80.57,41.05,1
133.0,3.81,188.45,61.3,32.64,57.45,100.0,0
159.79,5.56,23.75,29.84,18.36,76.41,45.68,1
252.32,7.63,70.61,62.21,26.12,84.86,62.0,1
67.5,5.6,135.17,54.29,28.99,57.48,30.09,1
186.9,4.52,278.41,38.91,32.67,61.4,62.33,0
22.86,0.0,271.59,41.76,33.46,51.54,41.34,0
46.81,3.88,349.43,41.72,29.7,53.76,51.15,0
31.13,0.0,263.23,68.01,31.51,68.52,80.9,0
58.04,6.21,66.23,71.09,28.38,61.14,69.44,0
181.3,5.1,129.04,29.65,23.96,67.36,71.37,1
68.83,5.06,264.25,79.83,26.43,42.69,24.58,0
79.62,2.16,247.68,32.87,28.11,45.44,96.74,0
135.52,1.97,112.13,63.41,27.79,91.78,36.16,0
155.23,4.87,184.92,64.67,16.69,60.27,90.57,0
81.53,3.96,91.36,31.88,25.62,48.23,80.43,0
46.52,3.05,33.61,50.23,28.34,77.36,71.55,0
302.76,6.09,119.6,60.12,26.31,74.08,42.9,1
81.95,8.39,114.31,53.61,26.52,67.19,63.03,0
88.43,5.42,87.96,49.55,30.93,57.49,50.58,0
97.14,5.59,188.96,63.69,21.53,55.4,60.58,1
166.54,6.09,109.33,52.95,18.23,60.95,55.0,1
28.73,5.7,171.45,39.7,25.91,37.08,19.23,0
378.61,6.1,216.56,82.39,32.58,72.7,82.44,1
86.56,0.0,500.0,54.31,38.13,63.47,58.38,0
170.39,4.44,121.09,62.42,32.69,89.43,50.3,1
36.79,4.43,280.94,33.32,19.19,58.04,48.79,0
126.02,2.71,153.28,34.37,26.61,28.62,67.17,0
342.03,5.93,159.53,56.48,29.54,70.79,42.12,1
311.91,4.92,122.31,53.59,29.07,100.0,14.9,1
167.37,7.06,144.02,62.96,31.24,75.5,68.14,1
54.8,4.92,110.1,57.58,22.5,46.39,70.38,0
243.7,6.13,249.84,55.24,28.39,75.46,56.01,1
22.68,4.52,72.8,61.65,30.52,45.75,37.04,0
53.12,3.84,33.28,62.95,32.95,38.7,61.78,1
105.44,4.56,85.69,50.94,23.17,55.4,30.71,0
24.9,1.63,78.55,30.27,25.93,57.53,39.46,0
74.38,0.46,85.65,67.37,11.78,32.51,44.99,0
189.44,5.17,117.6,52.68,24.27,48.38,76.88,0
63.08,4.38,85.9,46.27,24.85,58.3,52.75,0
195.44,6.92,116.37,49.21,21.88,59.06,51.04,1
442.85,9.82,86.11,59.18,28.99,82.67,99.09,1
146.88,6.91,173.96,29.93,27.66,45.34,67.05,0
193.18,2.41,500.0,62.66,14.44,74.66,66.78,0
249.14,4.82,151.13,46.83,29.29,50.88,52.61,1
79.96,4.77,88.93,88.55,22.43,82.0,48.07,1
190.14,9.25,10.58,38.38,30.91,40.49,16.27,1
78.44,5.56,410.22,28.0,20.31,43.63,79.37,0
139.77,6.17,157.12,57.13,28.18,67.83,68.97,0
209.58,4.5,115.61,76.38,26.3,88.78,56.42,1
56.98,2.58,11.5,44.97,29.82,62.26,57.26,1
9.15,4.55,120.14,48.66,28.75,63.34,74.72,0
52.48,1.86,143.15,17.94,26.47,57.87,28.91,0
230.25,5.0,86.36,46.96,18.78,52.14,48.2,1
46.97,3.64,39.91,28.32,19.14,50.49,37.27,0
221.9,7.97,37.4,29.32,24.5,49.13,95.43,1
52.71,2.38,414.35,45.4,27.95,39.73,77.51,0
94.8,0.11,140.23,15.37,24.35,65.36,15.95,0
110.89,5.1,86.3,29.41,31.75,44.82,29.72,1
46.77,2.47,134.29,35.82,26.32,61.81,57.35,0
95.6,4.12,127.74,35.19,22.21,41.55,50.55,0
26.51,3.51,35.59,47.44,26.33,60.47,33.51,0
85.62,3.24,239.11,50.39,29.36,52.44,98.9,0
104.3,5.43,113.36,59.96,29.95,79.91,66.25,1
9.77,0.78,141.61,51.23,39.27,60.02,69.5,0
52.1,2.32,329.01,59.69,23.99,74.91,46.16,0
136.8,5.74,41.08,49.74,27.56,51.26,74.45,1
42.12,2.73,69.7,47.26,30.56,57.89,52.39,0
152.87,1.91,163.04,58.08,27.86,48.91,54.33,0
163.27,5.46,236.01,53.65,25.0,57.37,72.22,1
136.38,6.34,79.96,44.18,18.7,58.15,27.42,1
188.62,4.93,83.69,48.82,24.93,54.27,91.94,1
24.78,0.09,200.5,30.32,21.56,39.22,63.65,0
215.82,5.37,489.65,61.32,17.64,46.0,85.62,0
47.44,0.93,137.52,42.07,23.23,24.62,38.49,0
120.32,4.91,69.51,39.31,21.72,46.23,41.54,0
333.43,4.98,53.4,54.55,31.5,80.46,36.76,1
84.21,2.12,117.35,29.07,31.61,36.83,65.01,0
112.94,3.25,228.89,61.77,22.58,41.49,61.32,0
47.7,2.39,500.0,44.51,26.44,82.46,50.71,0
331.33,5.22,103.12,51.59,16.85,62.66,39.72,1
52.2,4.57,137.68,55.05,25.03,62.1,34.67,0
173.04,3.43,371.18,44.51,30.39,72.64,59.03,0
248.85,6.93,161.17,38.08,32.95,76.72,50.69,1
184.27,5.25,151.87,67.46,23.72,42.9,46.29,1
142.32,2.86,326.36,42.65,34.31,58.88,90.94,0
119.0,2.85,140.01,42.78,18.91,38.29,58.35,0
36.43,1.05,57.38,43.18,20.51,91.07,85.4,0
321.93,6.18,284.38,78.99,32.26,48.77,49.33,1
134.25,4.08,29.89,49.87,38.03,47.04,64.9,0
112.99,0.1,253.84,31.28,30.96,46.08,58.89,0
44.15,2.72,129.91,50.77,27.76,36.25,26.05,0
117.02,2.86,103.96,41.57,14.83,79.79,88.57,0
107.86,6.75,101.93,74.13,15.87,94.31,57.3,1
333.43,3.51,117.01,63.8,28.78,65.01,74.93,1
112.94,1.99,92.71,16.78,25.85,42.16,44.96,0
115.66,5.88,177.71,53.26,21.36,29.47,56.7,1
44.64,5.84,95.27,70.41,28.39,53.81,42.66,1
61.3,2.54,130.61,66.44,28.69,53.64,84.72,0
159.35,3.89,18.21,77.02,33.67,53.85,66.23,1
20.1,4.34,129.99,27.16,28.82,59.1,67.34,0
215.06,1.5,91.27,68.13,35.37,71.29,87.16,1
218.9,1.91,241.7,45.53,28.05,70.47,83.13,0
56.03,3.29,107.28,47.14,27.31,53.38,75.31,0
142.69,6.73,218.91,32.37,34.39,46.71,31.57,1
254.14,4.61,202.51,49.13,22.13,77.03,46.09,1
101.51,4.07,206.28,37.78,44.89,60.25,39.92,0
87.82,5.84,110.18,58.85,30.25,71.83,74.55,1
96.24,7.41,136.23,58.08,30.28,70.87,63.41,1
134.04,3.36,174.47,53.45,31.15,41.8,32.19,0
68.0,3.74,139.26,25.95,39.26,38.32,56.23,0
82.17,6.89,107.45,41.51,32.76,48.53,30.12,1
135.92,2.14,62.07,39.26,18.37,47.01,58.94,0
77.0,5.51,131.72,57.68,36.42,69.42,26.89,0
41.19,2.16,33.41,59.44,25.95,61.98,70.58,0
18.21,3.79,16.61,56.09,28.64,71.3,67.56,0
114.55,4.03,50.24,37.61,20.32,66.28,98.16,0
243.93,3.67,204.68,19.07,31.16,70.12,76.96,0
147.69,2.88,154.06,25.81,24.09,79.18,51.54,0
42.65,3.81,206.06,62.95,28.6,63.71,76.36,0
60.92,5.46,75.03,38.73,26.3,59.0,32.05,1
87.33,3.44,258.07,35.73,39.55,80.09,40.75,0
340.23,6.61,37.43,87.3,39.89,73.62,66.66,1
352.0,7.48,51.96,82.86,28.28,68.34,16.84,1
326.04,4.27,255.12,63.63,28.38,59.57,59.26,1
123.09,5.44,146.29,44.68,25.76,71.0,39.59,0
500.0,8.84,206.89,73.86,34.64,97.32,62.03,1
63.45,7.86,154.52,47.71,26.03,57.46,38.45,1
84.88,3.46,83.96,68.46,25.47,77.55,68.48,1
204.21,4.51,46.49,60.5,33.87,37.63,60.39,1
136.42,5.92,22.21,59.91,24.77,61.04,88.01,1
141.92,5.12,391.25,66.51,27.77,61.53,60.13,0
49.25,3.02,28.69,27.14,18.51,47.28,44.63,0
107.28,3.03,319.32,58.23,32.23,93.74,55.06,0
64.23,4.6,140.61,40.46,39.65,57.28,33.12,0
34.07,2.09,157.87,7.21,32.33,51.0,68.12,0
70.57,3.11,150.7,15.25,36.77,58.89,71.8,0
136.45,4.41,189.76,35.49,22.92,33.78,100.0,0
182.48,6.58,69.17,60.47,29.42,53.49,47.56,1
17.48,2.66,13.91,42.84,22.34,69.64,54.64,0
110.99,1.35,82.56,50.51,26.63,51.74,48.48,0
103.73,0.93,178.96,74.72,32.63,48.58,64.24,0
131.53,2.55,52.42,31.63,28.61,79.91,67.63,0
43.38,1.14,262.24,42.71,19.52,75.93,58.93,0
44.16,3.36,118.62,47.42,20.11,64.45,81.73,0
248.19,3.73,48.12,47.42,19.71,61.04,47.66,1
56.65,2.53,145.27,44.44,30.95,54.48,79.72,0
81.75,2.56,176.89,23.44,40.38,47.83,70.77,0
88.34,3.13,185.74,66.05,36.17,45.49,59.76,0
65.22,5.57,255.31,35.12,16.62,43.64,53.7,0
156.02,5.89,34.62,79.58,36.53,54.15,100.0,1
147.08,4.22,255.54,50.05,33.62,47.87,43.66,0
100.34,3.0,271.11,61.56,18.73,38.13,65.96,0
68.35,3.31,46.59,44.14,26.18,61.49,45.0,0
94.52,4.74,55.53,46.32,34.57,63.01,95.71,0
117.83,4.97,213.98,40.24,31.3,84.7,77.74,0
60.99,2.36,95.74,46.02,20.15,48.69,46.43,0
164.0,4.31,297.52,56.17,31.66,67.35,70.25,0
214.01,1.31,351.98,44.31,15.17,70.08,65.15,0
275.82,6.23,48.07,57.95,26.66,65.24,49.67,1
265.07,6.96,68.02,50.39,34.83,78.67,75.16,1
87.91,3.5,139.95,78.47,28.11,70.25,67.79,0
122.06,7.48,13.4,47.46,25.01,65.69,64.31,1
98.92,2.93,22.97,68.7,33.34,56.37,59.16,0
98.66,4.59,61.58,44.31,33.85,54.93,68.62,0
94.02,3.22,430.66,50.35,35.86,40.55,64.59,0
112.49,3.97,155.57,29.54,33.25,49.34,61.18,0
237.26,5.28,77.57,50.69,34.49,58.15,47.18,1
139.35,4.8,55.13,52.9,32.4,46.23,93.88,0
41.67,5.12,46.09,65.18,29.59,63.24,38.99,1
208.12,7.39,82.25,57.97,28.54,82.16,68.55,1
130.26,4.48,78.48,68.68,26.58,48.8,53.6,1
157.24,5.96,109.36,60.2,20.73,66.83,95.19,0
137.43,3.17,182.77,72.6,22.27,47.39,41.93,0
141.85,5.71,122.37,49.31,26.31,57.82,45.29,1
146.41,3.06,222.61,83.92,29.45,52.66,40.6,0
21.8,5.18,103.47,34.76,36.64,64.52,66.47,0
155.88,7.53,369.35,40.4,27.75,53.29,32.54,1
63.18,3.33,218.99,27.57,34.02,72.32,50.43,0
76.82,0.31,152.57,78.12,34.48,55.4,16.95,0
111.84,3.18,183.2,59.46,26.61,51.5,64.81,0
303.71,8.02,84.06,57.02,31.57,52.64,50.0,1
48.29,4.55,108.01,60.94,26.54,60.96,30.24,0
109.11,4.63,104.86,57.42,35.93,72.99,81.71,0
92.31,5.78,70.17,74.12,31.82,63.44,33.85,1
206.15,6.05,38.97,33.06,20.86,96.65,75.94,1
90.38,5.79,190.07,42.74,28.97,79.54,45.98,0
131.3,5.55,246.42,42.9,37.89,57.26,92.03,0
48.41,5.95,171.86,15.83,26.91,52.97,74.99,0
229.16,5.85,122.11,71.21,30.69,73.03,39.84,1
31.38,4.04,477.41,38.46,31.28,44.84,41.66,0
154.44,4.22,76.77,61.39,21.78,79.05,72.11,1
131.88,3.35,156.26,82.46,31.06,66.66,54.75,1
145.58,6.88,270.13,45.45,19.64,65.87,56.61,0
31.82,4.01,50.61,36.38,24.25,66.21,85.44,0
88.98,5.1,200.1,48.02,34.45,83.57,45.03,1
199.59,4.55,384.98,68.08,30.14,67.37,61.83,0
332.89,5.26,129.69,55.84,26.17,70.06,79.09,1
103.24,4.09,146.5,38.54,30.68,81.28,76.18,0
